{"stats":{"minecraft:custom":{"minecraft:jump":17,"minecraft:time_since_rest":14169,"minecraft:leave_game":3,"minecraft:play_time":14169,"minecraft:sprint_one_cm":1876,"minecraft:walk_on_water_one_cm":827,"minecraft:time_since_death":14169,"minecraft:walk_one_cm":4050,"minecraft:sneak_time":8,"minecraft:total_world_time":14169,"minecraft:walk_under_water_one_cm":663,"minecraft:swim_one_cm":6464,"minecraft:fall_one_cm":267,"minecraft:fly_one_cm":2307},"minecraft:mined":{"minecraft:grass":6}},"DataVersion":3465}